{
  "sentences": {
    "PreHistory": "Pre-History",
    "StoneAge": "Stone Age",
    "BronzeAge": "Bronze Age",
    "IronAge": "Iron Age",
    "IndustrialAge": "Industrial Age",
    "AtomicAge": "Atomic Age",
    "InformationAge": "Information Age",
    "RenewablesAge": "Renewables Age",
    "FusionAge": "Fusion Age",
    "PreHistoryTip": "Rock and stick throwers, primitive foraging",
    "StoneAgeTip": "Stone Age",
    "BronzeAgeTip": "Bronze Age",
    "IronAgeTip": "Iron Age",
    "IndustrialAgeTip": "Industrial Age",
    "AtomicAgeTip": "Atomic Age",
    "InformationAgeTip": "Information Age",
    "RenewablesAgeTip": "Renewables Age",
    "FusionAgeTip": "Fusion Age",
    "popup": {
      "limits": {
        "Pandaros": {
          "Civ": {
            "DecorBuilder": "Decor Builder",
            "TimePeriods": {
              "PreHistory": {
                "Jobs": {
                  "StonePuncher": "Stone Shaper",
                  "WoodWorker": "Wood Worker",
                  "SlowPorterFromCrate": "Slow Porter from Crate",
                  "SlowPorterToCrate": "Slow Porter to Crate",
                  "PrimitiveForager": "Primitive Forager"
                }
              }
            }
          }
        }
      }
    },
    "Pandaros": {
      "Civ": {
        "Damage": "Damage:",
        "ReloadSpeed": "Reload Speed:",
        "Range": "Range:",
        "Seconds": " Seconds",
        "RecruitmentItem": "Recruitment Item:",
        "InventorySize": "Inventory Size:",
        "Blocks": " Blocks",
        "MinableTypes":  "Mineable Types: ",
        "Tutorials": {
          "Welcome": "Welcome to Pandaros: Civilization Mod!",
          "WelcomeText": "Welcome to Pandaros: Civilization Mod, this mod does not take you down the traditional route of Colony Survival. Please take the time to read this first message, you can skip all future tutorials at any time by clicking the button at the bottom of the scroll bar. You will playout a civilization through the ages starting in pre-history. You must complete quests, craft items, build and have colonists to reach new ages and unlocking new technologies on the way! \r\n\r\n Some basic things to get you started: \r\n    * Quests are part of this mod. You can find the button to access them in the Colony tab. \r\n    * The Stockpile has been decentralized. You must have crates and porters to transport things! \r\n    * The first thing you should do is place your stockpile block. \r\n    * Picking up a berry bush will yeild berries. \r\n    * Dig a trench around your safe area that is at least 2 deep and leave an entrance/exit foragers will need to get in and out. \r\n ",
          "StockpileBlockHeader": "The Stockpile Block",
          "StockpileBlock": "The stockpile by default will limit the amount of items your stockpile can hold to 100 of each item. This can be upgraded with stockpile upgrade blocks. Stockpile upgrade blocks must be placed in the stockpile area. Each stockpile upgrade block gives specific upgrades to you items max stack size within the stockpile. The stockpile area increases in size as you progress through each age. Storage upgrade block tooltips provide information on the upgrades. You MUST have a route available for colonists to access the stockpile block directly. \r\n",
          "CrateHeader": "Crates",
          "Crate": "Crates are no longer linked to your stockpile. Each crate you place has a unique inventory. Crates start off with very limited inventories and grow with your technology. Additionally unlike your stockpile, crates can only hold a specific amount of unique items on top of having max stack sizes. If a crafter cannot load items into a crate, they will bring them to the stockpile block. Right clicking on a crate with a empty hand will allow you to manage that crates inventory. \r\n",
          "PortersHeader": "Porters",
          "Porters": "Porters take items to and from crates for nearby gathering and crafting jobs to use. There are two types of porters. A porter to bring items to crates for crafters and a porter to take items from gatherers and crafters to the stockpile. Porters like your storage will get more advanced through the ages of your civilization. They will start off slow and not be able to carry a lot of items. (about one crate full) so it will be important to upgrade your porters as your civilization progresses. \r\n"
        },
        "Quests": {
          "StockpileSizeObjective": "Max stockpile size of {0} out of {1}",
          "TimePeriodReward": "Upgrades the stockpile block's upgrade area!",
          "JobReward": "Unlocks {0} Job",
          "MonstersEnabledReward": "Enables Monster Spawns!"
        },
        "Storage": {
          "MaxStackSize": "Max Stack Size",
          "MaxCrateStackSize": "Max Crate Stack Size",
          "MaxNumberOfStacks": "Max Number Of Stacks",
          "GlobalStorageUpgrade": "Global Storage Upgrade",
          "CategoryStoreUpgrades": "Category Storage Upgrade",
          "ItemStoreUpgrades": "Item Storage Upgrade",
          "MoveItemsToCrate": "Move Items To Crate",
          "MoveItemsToStockpile": "Move Items To Stockpile",
          "MoveItemsToToolbar": "Move Items To Toolbar",
          "invalidNumber": "Input was an invalid number",
          "Numberofitems": "Number of Items",
          "Back": "Back",
          "SelectNone": "Select None",
          "SelectAll": "Select All",
          "Crate": "Crate",
          "Select": "Select",
          "CannotLocateCrateData": "Cannot Locate Crate Data",
          "GetItemsFromStockpile": "Get Items From Stockpile",
          "GetItemsFromToolbar": "Get Items From Toolbar",
          "StockpileSize": "Stockpile Max Stack Size: {0} ({1}% Full)"
        },
        "TimePeriods": {
          "PreHistory": {
            "Quests": {
              "GettingStartedQuest": "Getting a Stockpile and a Colonist!",
              "GettingStartedQuestText": "To get your colony started you will have to choose a spot for your stockpile, place the stockpile block that is in your stockpile somewhere, make sure there is plenty of room around it as youll need it later on. The next step to getting your colony off it's feet is some food and beds and only then can you recruit your very first colonist. Run around and pick up berry bushes and take leaves off of trees to make a bed and then can you go and recruit a colonist.",
              "AdvanceToFoodQuest": "Unlocks the Food Quest",
              "FoodQuest": "Getting a Food Supply",
              "FoodQuestText": "Gathing food manually will not do, you can use your newly recruited colonists to gather berries, hire 4 colonists to gather berries and wait for some food to stockpile.",
              "AdvanceToWoodWorkerQuest": "Unlocks the Wood Worker Quest",
              "WoodWorkerQuest": "Working with Wood",
              "WoodWorkerQuestText": "Wood is a useful resource if you dont have anything else at your disposal, go chop down a tree and make a woodworker and get a colonist working at it, chop down another tree and have it make some wood for you.",
              "AdvanceToBasicForagerQuest": "Unlocks the Forager Quest",
              "BasicForagerQuest": "Foraging",
              "BasicForagerQuestText": "Food is an essential part to your colonists health, without it they do end up dying. To gather food as well as other basic resources you will want foragers in order to properly get your colony up and running craft and place 5 primative foragers, you should also expand your bedding a little bit as well.",
              "AdvanceToGuardsQuest": "Unlocks the Guards Quest",
              "GuardsQuest": "Defending your colony",
              "GuardsQuestText": "Now that your colony has grown you now run the risk of raiders coming, raiders will come at night and try to loot your stockpile for food they might also try to take a colonist, your best defence against them are guards, you have 2 at your disposal at the moment you have rock throwers they throw rocks at their enemies they boast high damage but low range, you also have spear throwers they throw spears they boast a lower dps but have a higher range, you should higher one of each to find out which one fits your colony. They both need a leaf sash to hold their ammo.",
              "AdvanceToStoneAgeQuest": "Unlocks the Stone Age Quest",
              "StoneAgeQuest": "Advancing to the Stone Age",
              "StoneAgeQuestText": "The Stone Age boasts a great acheivment for your colony, in order to advance to the Stone Age your going to want to expand your stockpile, doing this by placing hollowed out logs in the area that can be seen aroudn your stockpile block while holding the command tool. Upon completion go to the science tab and complete the Stone Age research.",
              "AbleToCompleteStoneAgeQuest": "Unlocks the ability to complete the Stone Age research."
            },
            "Research": {
              "StoneAgeResearch1": {
                "name": "Progress to the Stone Age!",
                "description": "Your first step to civilization! Go ahead and invent the wheel, invent hammers, different types of stone and cooked food! Requires Stone Age quest to be complete."
              }
            },
            "Jobs": {
              "RockThrower": "Rock Thrower",
              "SpearThrower": "Spear Thrower",
              "RockThrowerTip": "Just regular rocks.",
              "SpearThrowerTip": "Sticks that are stright enough to get the job done.",
              "RockThrowerDay": "Rock Thrower Day",
              "RockThrowerNight": "Rock Thrower Night",
              "SpearThrowerDay": "Spear Thrower Day",
              "SpearThrowerNight": "Spear Thrower Night",
              "PrimitiveRockForager": "Primitive Rock Forager",
              "PrimitiveWoodForager": "Primitive Wood Forager",
              "PrimitiveBerryForager": "Primitive Berry Forager",
              "WoodWorker": "Wood Worker",
              "WoodWorkerlogtaiga": "Wood Worker - logtaiga crafted",
              "WoodWorkerlogtemperate": "Wood Worker - logtemperate crafted",
              "PrimitiveBerryForagerTip": "Forages for Berries just outside your colony. They are very slow at finding them. \r\nRecruitment Item: Leaf Sash",
              "PrimitiveWoodForagerTip": "Forages for Wood just outside your colony. They are very slow at finding them. \r\nRecruitment Item: Leaf Sash",
              "PrimitiveRockForagerTip": "Forages for Rocks just outside your colony. They are very slow at finding them. \r\nRecruitment Item: Leaf Sash"
            }
          },
          "StoneAge": {
            "Quests": {

            },
            "Research": {
              "BronzeAgeResearch1": {
                "name": "Progress to the Bronze Age!",
                "description": "."
              }
            },
            "Jobs": {
              "StoneMiner": "Stone Miner",
              "StoneMinerTip": "Mines stone blocks. Slow and steady!"
            }
          },
          "BronzeAge": {
            "Quests": {

            },
            "Research": {

            },
            "Jobs": {

            }
          },
          "IronAge": {
            "Quests": {

            },
            "Research": {

            },
            "Jobs": {

            }
          },
          "IndustrialAge": {
            "Quests": {

            },
            "Research": {

            },
            "Jobs": {

            }
          },
          "AtomicAge": {
            "Quests": {

            },
            "Research": {

            },
            "Jobs": {

            }
          },
          "InformationAge": {
            "Quests": {

            },
            "Research": {

            },
            "Jobs": {

            }
          },
          "RenewablesAge": {
            "Quests": {

            },
            "Research": {
              "BronzeAgeResearch1": {

              }
            },
            "Jobs": {

            }
          },
          "FusionAge": {
            "Quests": {

            },
            "Research": {

            },
            "Jobs": {

            }
          }
        }
      }
    }
  },
  "types": {
    "Pandaros.Civ.CommandTool": "Civilisation Command Tool",
    "Pandaros.Civ.Storage.StockpileBlock": "Stockpile Block",

    "Pandaros.Civ.TimePeriods.PreHistory.Items.BasicCrate": "Basic Crate",
    "Pandaros.Civ.TimePeriods.PreHistory.Items.HollowedLog": "Hollowed Out Log",
    "Pandaros.Civ.TimePeriods.PreHistory.Items.LeafSash": "Leaf Sash",
    "Pandaros.Civ.TimePeriods.PreHistory.Items.LeafBed": "Leaf Bed",
    "Pandaros.Civ.TimePeriods.PreHistory.Items.Rock": "Rock",
    "Pandaros.Civ.TimePeriods.PreHistory.Items.Wood": "Wood",
    "Pandaros.Civ.TimePeriods.PreHistory.Items.Stick": "Stick",
    "Pandaros.Civ.TimePeriods.PreHistory.Jobs.WoodWorker": "Wood Worker",
    "Pandaros.Civ.TimePeriods.PreHistory.Jobs.RockThrowerDay": "Rock Thrower Day",
    "Pandaros.Civ.TimePeriods.PreHistory.Jobs.RockThrowerNight": "Rock Thrower Night",
    "Pandaros.Civ.TimePeriods.PreHistory.Jobs.SpearThrowerDay": "Spear Thrower Day",
    "Pandaros.Civ.TimePeriods.PreHistory.Jobs.SpearThrowerNight": "Spear Thrower Night",
    "Pandaros.Civ.TimePeriods.PreHistory.Jobs.PrimitiveRockForager": "Primitive Rock Forager",
    "Pandaros.Civ.TimePeriods.PreHistory.Jobs.PrimitiveWoodForager": "Primitive Wood Forager",
    "Pandaros.Civ.TimePeriods.PreHistory.Jobs.PrimitiveBerryForager": "Primitive Berry Forager",

    "Pandaros.Civ.TimePeriods.StoneAge.Items.WovenBasket": "Woven Basket",
    "Pandaros.Civ.TimePeriods.StoneAge.Items.SturdyCrate": "Sturdy Crate",
    "Pandaros.Civ.TimePeriods.StoneAge.Items.StoneSpear": "Stone Spear",
    "Pandaros.Civ.TimePeriods.StoneAge.Items.SharpRock": "Sharp Rock",
    "Pandaros.Civ.TimePeriods.StoneAge.Items.LeafBasket": "Leaf Basket",
    "Pandaros.Civ.TimePeriods.StoneAge.Items.RoughWoodenBoard": "Rough Wooden Board",
    "Pandaros.Civ.TimePeriods.StoneAge.Items.StonePickaxe": "Stone Pickaxe",
    "Pandaros.Civ.TimePeriods.StoneAge.Jobs.StoneShaper": "Stone Shaper",
    "Pandaros.Civ.TimePeriods.StoneAge.Jobs.Forager": "Forager",
    "Pandaros.Civ.TimePeriods.StoneAge.Jobs.SlowPorterToCrate": "Slow Porter to Crate",
    "Pandaros.Civ.TimePeriods.StoneAge.Jobs.SlowPorterFromCrate": "Slow Porter from Crate",

    "Pandaros.Civ.TimePeriods.BronzeAge.Items.PaddedCrate": "Padded Crate",
    "Pandaros.Civ.TimePeriods.BronzeAge.Items.Shelving": "Shelving",

    "Pandaros.Civ.TimePeriods.IronAge.Items.IronChest": "Iron Bound Chest",
    "Pandaros.Civ.TimePeriods.IronAge.Items.StorageDrawers": "Orginized Drawers",

    "Pandaros.Civ.TimePeriods.IndustrialAge.Items.Pallet": "Pallet"
  },
  "typeuses": {
    "Pandaros.Civ.CommandTool": "The command tool for all the special jobs added by the civilisation mod.",
    "Pandaros.Civ.Storage.StockpileBlock": "Stockpile Block is where porters and colonists get items from your central stockpile. Colonists must be able to walk up to it. One per colony.",

    "Pandaros.Civ.TimePeriods.PreHistory.Items.BasicCrate": "Can store a very small amount of items for jobs to get and store items from when not near the stockpile. Porters fill and empty these.",
    "Pandaros.Civ.TimePeriods.PreHistory.Items.HollowedLog": "Place within your stockpiles block radius to upgrade your stockpiles capacity.",
    "Pandaros.Civ.TimePeriods.PreHistory.Items.LeafSash": "A sash made from leaves for guards to hold their ammo.",
    "Pandaros.Civ.TimePeriods.PreHistory.Items.Rock": "It's just a rock.",
    "Pandaros.Civ.TimePeriods.PreHistory.Items.LeafBed": "A pile of leaves on the ground, makes for a better bed than the ground.",
    "Pandaros.Civ.TimePeriods.PreHistory.Items.Wood": "A log that hs been split up, useful to make basic things.",
    "Pandaros.Civ.TimePeriods.PreHistory.Items.Stick": "A pointy stick, can act as a primative spear.",
    "Pandaros.Civ.TimePeriods.PreHistory.Jobs.WoodWorker": "A crafter that makes basic things out of wood.",
    "Pandaros.Civ.TimePeriods.PreHistory.Jobs.PrimitiveBerryForager": "Forages for Berries just outside your colony. They are very slow at finding them.",
    "Pandaros.Civ.TimePeriods.PreHistory.Jobs.PrimitiveWoodForager": "Forages for Wood just outside your colony. They are very slow at finding them.",
    "Pandaros.Civ.TimePeriods.PreHistory.Jobs.PrimitiveRockForager": "Forages for Rocks just outside your colony. They are very slow at finding them.",

    "Pandaros.Civ.TimePeriods.StoneAge.Items.WovenBasket": "Place within your stockpiles block radius to upgrade your stockpiles capacity.",
    "Pandaros.Civ.TimePeriods.StoneAge.Items.SturdyCrate": "Can store a small amount of items for jobs to get and store items from when not near the stockpile. Porters fill and empty these.",
    "Pandaros.Civ.TimePeriods.StoneAge.Items.LeafBasket": "A bag made of leaves and sticks for slow porters to carry items in.",
    "Pandaros.Civ.TimePeriods.StoneAge.Items.RoughWoodenBoard": "Carved from the finest rocks available.",
    "Pandaros.Civ.TimePeriods.StoneAge.Items.StonePickaxe": "Some stone-on-stone action!",
    "Pandaros.Civ.TimePeriods.StoneAge.Jobs.StoneShaper": "Shapes stone into things such as slinger ammo.",
    "Pandaros.Civ.TimePeriods.StoneAge.Jobs.SlowPorterToCrate": "A basic porter to move resources from the crate to stockpile. Hire him to empty crates!",
    "Pandaros.Civ.TimePeriods.StoneAge.Jobs.SlowPorterFromCrate": "A basic porter to move resources from the stockpile to crate. Hire him to move items required for other jobs to crates near them!",

    "Pandaros.Civ.TimePeriods.BronzeAge.Items.PaddedCrate": "Can store a moderate amount of items for jobs to get and store items from when not near the stockpile. Porters fill and empty these.",
    "Pandaros.Civ.TimePeriods.BronzeAge.Items.Shelving": "Place within your stockpiles block radius to upgrade your stactuockpiles capacity.",

    "Pandaros.Civ.TimePeriods.IronAge.Items.IronChest": "Can store a decent amount of items for jobs to get and store items from when not near the stockpile. Porters fill and empty these.",
    "Pandaros.Civ.TimePeriods.IronAge.Items.StorageDrawers": "Place within your stockpiles block radius to upgrade your stockpiles capacity.",

    "Pandaros.Civ.TimePeriods.IndustrialAge.Items.Pallet": "Place within your stockpiles block radius to upgrade your stockpiles capacity."
  }
}