﻿[
  {
    "dllpath": "Pandaros.Civ.dll",
    "name": "Pandaros.Civ",
    "namepretty": "Pandaros' Civilization!",
    "version": "0.0.0.1",
    "enableddefault": true,
    "marksgamemodded": true,
    "compatibleversions": [
      "0.7.5"
    ],
    "dependencies": [
      {
        "name": "Pandaros.API",
        "minversion": "0.2.0.0"
      }
    ],
    "jsonFiles": [
      {
        "fileType": "addOrOverrideLocalization",
        "relativePath": "Localization/en-US/en-US.json",
        "index": -99998
      }
    ],
    "website": "https://github.com/JBurlison/Pandaros.Civ/wiki",
    "about": "Civilization through the ages. A Colony Survival Mod!",
    "patchnotes": [
      {
        "version": "0.0.0.1",
        "notes": [
          "Fixed getting large number of buckets.",
          "Added questing system"
        ]
      }
    ]
  }
]